<?xml version="1.0" encoding="utf-8"?>
<tasks xmlns="http://jeza.ioFTPD.Tools/XMLSchema.xsd">
  <task>
    <regExpressionInclude>\S*([Ss]targate|[Ss]tar[Tt]rek)\S*</regExpressionInclude>
    <status>Disabled</status>
    <actionType>Move</actionType>
    <source>C:\\temp\\TestFiles</source>
    <destination>D:\\temp\\archive</destination>
    <action id="TotalUsedSpace">
      <value>12345000</value>
      <minFolderAction>5</minFolderAction>
    </action>
  </task>
  <task>
    <status>Disabled</status>
    <actionType>Move</actionType>
    <source>E:\\temp</source>
    <destination>E:\\temp\\archive</destination>
    <action id="TotalFolderUsedSpace">
      <value>12345000</value>
      <minFolderAction>5</minFolderAction>
    </action>
  </task>
  <task>
    <status>Disabled</status>
    <actionType>Delete</actionType>
    <source>E:\\temp</source>
    <destination>E:\\temp\\archive</destination>
    <action id="TotalFreeSpace">
      <value>12345000</value>
      <minFolderAction>20</minFolderAction>
    </action>
  </task>
  <task>
    <status>Enabled</status>
    <actionType>Copy</actionType>
    <source>D:\\temp</source>
    <destination>D:\\oldhdd</destination>
    <action id="TotalFolderCount">
      <value>10</value>
      <minFolderAction>5</minFolderAction>
    </action>
  </task>
  <task>
    <regExpressionExclude>\b(\.)\S*</regExpressionExclude>
    <status>Disabled</status>
    <actionType>Move</actionType>
    <source>E:\\temp</source>
    <destination>E:\\temp\\archive</destination>
    <action id="DateOlder">
      <value>10</value>
      <minFolderAction>5</minFolderAction>
    </action>
  </task>
</tasks>